<?xml version="1.0" encoding="UTF-8"?>
<!-- IMPORTANT: This is an internal file that has been generated
     by the Xilinx ISE software.  Any direct editing or
     changes made to this file may result in unpredictable
     behavior or data corruption.  It is strongly advised that
     users do not edit the contents of this file. -->
<DeviceUsageSummary rev="5">
<DesignStatistics TimeStamp="Thu Nov 07 18:45:24 2013"><group name="NetStatistics">
<item name="NumNets_Active" rev="5">
<attrib name="value" value="751"/></item>
<item name="NumNets_Gnd" rev="5">
<attrib name="value" value="1"/></item>
<item name="NumNets_Vcc" rev="5">
<attrib name="value" value="1"/></item>
<item name="NumNodesOfType_Active_BRAMADDR" rev="5">
<attrib name="value" value="3734"/></item>
<item name="NumNodesOfType_Active_BRAMDUMMY" rev="5">
<attrib name="value" value="24"/></item>
<item name="NumNodesOfType_Active_CLKPIN" rev="5">
<attrib name="value" value="345"/></item>
<item name="NumNodesOfType_Active_CNTRLPIN" rev="5">
<attrib name="value" value="3665"/></item>
<item name="NumNodesOfType_Active_DOUBLE" rev="5">
<attrib name="value" value="6458"/></item>
<item name="NumNodesOfType_Active_DUMMY" rev="5">
<attrib name="value" value="1270"/></item>
<item name="NumNodesOfType_Active_DUMMYBANK" rev="5">
<attrib name="value" value="1247"/></item>
<item name="NumNodesOfType_Active_DUMMYESC" rev="5">
<attrib name="value" value="2"/></item>
<item name="NumNodesOfType_Active_GLOBAL" rev="5">
<attrib name="value" value="110"/></item>
<item name="NumNodesOfType_Active_HFULLHEX" rev="5">
<attrib name="value" value="62"/></item>
<item name="NumNodesOfType_Active_HLONG" rev="5">
<attrib name="value" value="22"/></item>
<item name="NumNodesOfType_Active_HUNIHEX" rev="5">
<attrib name="value" value="1031"/></item>
<item name="NumNodesOfType_Active_INPUT" rev="5">
<attrib name="value" value="1610"/></item>
<item name="NumNodesOfType_Active_IOBOUTPUT" rev="5">
<attrib name="value" value="2"/></item>
<item name="NumNodesOfType_Active_OMUX" rev="5">
<attrib name="value" value="496"/></item>
<item name="NumNodesOfType_Active_OUTPUT" rev="5">
<attrib name="value" value="718"/></item>
<item name="NumNodesOfType_Active_PREBXBY" rev="5">
<attrib name="value" value="364"/></item>
<item name="NumNodesOfType_Active_VFULLHEX" rev="5">
<attrib name="value" value="465"/></item>
<item name="NumNodesOfType_Active_VLONG" rev="5">
<attrib name="value" value="64"/></item>
<item name="NumNodesOfType_Active_VUNIHEX" rev="5">
<attrib name="value" value="933"/></item>
<item name="NumNodesOfType_Gnd_BRAMADDR" rev="5">
<attrib name="value" value="10"/></item>
<item name="NumNodesOfType_Gnd_BRAMDUMMY" rev="5">
<attrib name="value" value="88"/></item>
<item name="NumNodesOfType_Gnd_CLKPIN" rev="5">
<attrib name="value" value="1"/></item>
<item name="NumNodesOfType_Gnd_CNTRLPIN" rev="5">
<attrib name="value" value="354"/></item>
<item name="NumNodesOfType_Gnd_DOUBLE" rev="5">
<attrib name="value" value="208"/></item>
<item name="NumNodesOfType_Gnd_DUMMYBANK" rev="5">
<attrib name="value" value="8"/></item>
<item name="NumNodesOfType_Gnd_INPUT" rev="5">
<attrib name="value" value="99"/></item>
<item name="NumNodesOfType_Gnd_OMUX" rev="5">
<attrib name="value" value="197"/></item>
<item name="NumNodesOfType_Gnd_OUTPUT" rev="5">
<attrib name="value" value="111"/></item>
<item name="NumNodesOfType_Gnd_PREBXBY" rev="5">
<attrib name="value" value="10"/></item>
<item name="NumNodesOfType_Gnd_VFULLHEX" rev="5">
<attrib name="value" value="162"/></item>
</group>
<group name="MiscellaneousStatistics">
<item name="AGG_BONDED_IO" rev="4">
<attrib name="value" value="31"/></item>
<item name="AGG_IO" rev="4">
<attrib name="value" value="31"/></item>
<item name="NUM_4_INPUT_LUT" rev="4">
<attrib name="value" value="412"/></item>
<item name="NUM_BONDED_IOB" rev="4">
<attrib name="value" value="31"/></item>
<item name="NUM_BUFGMUX" rev="4">
<attrib name="value" value="2"/></item>
<item name="NUM_DCM" rev="4">
<attrib name="value" value="1"/></item>
<item name="NUM_LUT_RT" rev="4">
<attrib name="value" value="46"/></item>
<item name="NUM_RAMB16" rev="4">
<attrib name="value" value="114"/></item>
<item name="NUM_SLICE" rev="4">
<attrib name="value" value="264"/></item>
<item name="NUM_SLICE_FF" rev="4">
<attrib name="value" value="166"/></item>
<item name="Xilinx Core blk_mem_gen_v2_8, Xilinx CORE Generator 10.1.03_ip3" rev="4">
<attrib name="value" value="1"/></item>
<item name="Xilinx Core fifo_generator_v4_4, Xilinx CORE Generator 10.1.03_ip3" rev="4">
<attrib name="value" value="1"/></item>
</group>
</DesignStatistics>
<DeviceUsage TimeStamp="Thu Nov 07 18:45:24 2013"><group name="SiteSummary">
<item name="BUFGMUX" rev="5">
<attrib name="total" value="1000000"/><attrib name="used" value="2"/></item>
<item name="BUFGMUX_GCLKMUX" rev="5">
<attrib name="total" value="1000000"/><attrib name="used" value="2"/></item>
<item name="BUFGMUX_GCLK_BUFFER" rev="5">
<attrib name="total" value="1000000"/><attrib name="used" value="2"/></item>
<item name="DCM" rev="5">
<attrib name="total" value="1000000"/><attrib name="used" value="1"/></item>
<item name="DCM_DCM" rev="5">
<attrib name="total" value="1000000"/><attrib name="used" value="1"/></item>
<item name="IOB" rev="5">
<attrib name="total" value="1000000"/><attrib name="used" value="31"/></item>
<item name="IOB_INBUF" rev="5">
<attrib name="total" value="1000000"/><attrib name="used" value="2"/></item>
<item name="IOB_OUTBUF" rev="5">
<attrib name="total" value="1000000"/><attrib name="used" value="29"/></item>
<item name="IOB_PAD" rev="5">
<attrib name="total" value="1000000"/><attrib name="used" value="31"/></item>
<item name="RAMB16" rev="5">
<attrib name="total" value="1000000"/><attrib name="used" value="114"/></item>
<item name="RAMB16_RAMB16" rev="5">
<attrib name="total" value="1000000"/><attrib name="used" value="114"/></item>
<item name="RAMB16_RAMB16A" rev="5">
<attrib name="total" value="1000000"/><attrib name="used" value="114"/></item>
<item name="RAMB16_RAMB16B" rev="5">
<attrib name="total" value="1000000"/><attrib name="used" value="114"/></item>
<item name="SLICE" rev="5">
<attrib name="total" value="1000000"/><attrib name="used" value="264"/></item>
<item name="SLICE_C1VDD" rev="5">
<attrib name="total" value="1000000"/><attrib name="used" value="4"/></item>
<item name="SLICE_C2VDD" rev="5">
<attrib name="total" value="1000000"/><attrib name="used" value="5"/></item>
<item name="SLICE_CYMUXF" rev="5">
<attrib name="total" value="1000000"/><attrib name="used" value="29"/></item>
<item name="SLICE_CYMUXG" rev="5">
<attrib name="total" value="1000000"/><attrib name="used" value="28"/></item>
<item name="SLICE_F" rev="5">
<attrib name="total" value="1000000"/><attrib name="used" value="207"/></item>
<item name="SLICE_F5MUX" rev="5">
<attrib name="total" value="1000000"/><attrib name="used" value="42"/></item>
<item name="SLICE_F6MUX" rev="5">
<attrib name="total" value="1000000"/><attrib name="used" value="21"/></item>
<item name="SLICE_FFX" rev="5">
<attrib name="total" value="1000000"/><attrib name="used" value="76"/></item>
<item name="SLICE_FFY" rev="5">
<attrib name="total" value="1000000"/><attrib name="used" value="90"/></item>
<item name="SLICE_G" rev="5">
<attrib name="total" value="1000000"/><attrib name="used" value="205"/></item>
<item name="SLICE_GNDF" rev="5">
<attrib name="total" value="1000000"/><attrib name="used" value="23"/></item>
<item name="SLICE_GNDG" rev="5">
<attrib name="total" value="1000000"/><attrib name="used" value="22"/></item>
<item name="SLICE_XORF" rev="5">
<attrib name="total" value="1000000"/><attrib name="used" value="25"/></item>
<item name="SLICE_XORG" rev="5">
<attrib name="total" value="1000000"/><attrib name="used" value="24"/></item>
<item name="SLICE_YBUSED" rev="5">
<attrib name="total" value="1000000"/><attrib name="used" value="2"/></item>
</group>
</DeviceUsage>
<ReportConfigData TimeStamp="Thu Nov 07 18:45:24 2013"><group name="BUFGMUX_GCLKMUX">
<item name="DISABLE_ATTR" rev="5">
<attrib name="LOW" value="2"/></item>
</group>
<group name="SLICE_FFX">
<item name="FFX_INIT_ATTR" rev="5">
<attrib name="INIT0" value="72"/><attrib name="INIT1" value="4"/></item>
<item name="FFX_SR_ATTR" rev="5">
<attrib name="SRLOW" value="69"/><attrib name="SRHIGH" value="7"/></item>
<item name="LATCH_OR_FF" rev="5">
<attrib name="FF" value="76"/></item>
<item name="SYNC_ATTR" rev="5">
<attrib name="ASYNC" value="37"/><attrib name="SYNC" value="39"/></item>
</group>
<group name="SLICE_FFY">
<item name="FFY_INIT_ATTR" rev="5">
<attrib name="INIT0" value="86"/><attrib name="INIT1" value="4"/></item>
<item name="FFY_SR_ATTR" rev="5">
<attrib name="SRLOW" value="80"/><attrib name="SRHIGH" value="10"/></item>
<item name="LATCH_OR_FF" rev="5">
<attrib name="FF" value="90"/></item>
<item name="SYNC_ATTR" rev="5">
<attrib name="ASYNC" value="64"/><attrib name="SYNC" value="26"/></item>
</group>
<group name="RAMB16_RAMB16A">
<item name="PORTA_ATTR" rev="5">
<attrib name="16384X1" value="112"/><attrib name="512X36" value="1"/><attrib name="8192X2" value="1"/></item>
<item name="WRITEMODEA" rev="5">
<attrib name="WRITE_FIRST" value="1"/><attrib name="READ_FIRST" value="113"/></item>
</group>
<group name="RAMB16_RAMB16B">
<item name="PORTB_ATTR" rev="5">
<attrib name="16384X1" value="112"/><attrib name="512X36" value="1"/><attrib name="8192X2" value="1"/></item>
<item name="WRITEMODEB" rev="5">
<attrib name="WRITE_FIRST" value="1"/><attrib name="READ_FIRST" value="113"/></item>
</group>
<group name="SLICE_F">
<item name="LUT_OR_MEM" rev="5">
<attrib name="LUT" value="207"/></item>
</group>
<group name="SLICE_G">
<item name="LUT_OR_MEM" rev="5">
<attrib name="LUT" value="205"/></item>
</group>
<group name="IOB_PAD">
<item name="DRIVEATTRBOX" rev="5">
<attrib name="6" value="27"/><attrib name="12" value="2"/></item>
<item name="IOATTRBOX" rev="5">
<attrib name="LVTTL" value="29"/><attrib name="LVCMOS25" value="2"/></item>
<item name="SLEW" rev="5">
<attrib name="SLOW" value="29"/></item>
</group>
<group name="DCM_DCM">
<item name="CLKDV_DIVIDE" rev="5">
<attrib name="2" value="1"/></item>
<item name="CLKOUT_PHASE_SHIFT" rev="5">
<attrib name="NONE" value="1"/></item>
<item name="CLK_FEEDBACK" rev="5">
<attrib name="1X" value="1"/></item>
<item name="DESKEW_ADJUST" rev="5">
<attrib name="7" value="1"/></item>
<item name="DFS_FREQUENCY_MODE" rev="5">
<attrib name="LOW" value="1"/></item>
<item name="DLL_FREQUENCY_MODE" rev="5">
<attrib name="LOW" value="1"/></item>
<item name="DSS_MODE" rev="5">
<attrib name="NONE" value="1"/></item>
<item name="DUTY_CYCLE_CORRECTION" rev="5">
<attrib name="TRUE" value="1"/></item>
<item name="FACTORY_JF1" rev="5">
<attrib name="0XC0" value="1"/></item>
<item name="FACTORY_JF2" rev="5">
<attrib name="0X80" value="1"/></item>
</group>
</ReportConfigData>
<ReportPinData TimeStamp="Thu Nov 07 18:45:24 2013"><group name="SLICE_YBUSED">
<item name="0" rev="5">
<attrib name="value" value="2"/></item>
<item name="OUT" rev="5">
<attrib name="value" value="2"/></item>
</group>
<group name="SLICE_F6MUX">
<item name="0" rev="5">
<attrib name="value" value="21"/></item>
<item name="1" rev="5">
<attrib name="value" value="21"/></item>
<item name="OUT" rev="5">
<attrib name="value" value="21"/></item>
<item name="S0" rev="5">
<attrib name="value" value="21"/></item>
</group>
<group name="RAMB16">
<item name="ADDRA0" rev="5">
<attrib name="value" value="112"/></item>
<item name="ADDRA1" rev="5">
<attrib name="value" value="113"/></item>
<item name="ADDRA10" rev="5">
<attrib name="value" value="114"/></item>
<item name="ADDRA11" rev="5">
<attrib name="value" value="114"/></item>
<item name="ADDRA12" rev="5">
<attrib name="value" value="114"/></item>
<item name="ADDRA13" rev="5">
<attrib name="value" value="114"/></item>
<item name="ADDRA2" rev="5">
<attrib name="value" value="113"/></item>
<item name="ADDRA3" rev="5">
<attrib name="value" value="113"/></item>
<item name="ADDRA4" rev="5">
<attrib name="value" value="113"/></item>
<item name="ADDRA5" rev="5">
<attrib name="value" value="114"/></item>
<item name="ADDRA6" rev="5">
<attrib name="value" value="114"/></item>
<item name="ADDRA7" rev="5">
<attrib name="value" value="114"/></item>
<item name="ADDRA8" rev="5">
<attrib name="value" value="114"/></item>
<item name="ADDRA9" rev="5">
<attrib name="value" value="114"/></item>
<item name="ADDRB0" rev="5">
<attrib name="value" value="112"/></item>
<item name="ADDRB1" rev="5">
<attrib name="value" value="113"/></item>
<item name="ADDRB10" rev="5">
<attrib name="value" value="114"/></item>
<item name="ADDRB11" rev="5">
<attrib name="value" value="114"/></item>
<item name="ADDRB12" rev="5">
<attrib name="value" value="114"/></item>
<item name="ADDRB13" rev="5">
<attrib name="value" value="114"/></item>
<item name="ADDRB2" rev="5">
<attrib name="value" value="113"/></item>
<item name="ADDRB3" rev="5">
<attrib name="value" value="113"/></item>
<item name="ADDRB4" rev="5">
<attrib name="value" value="113"/></item>
<item name="ADDRB5" rev="5">
<attrib name="value" value="114"/></item>
<item name="ADDRB6" rev="5">
<attrib name="value" value="114"/></item>
<item name="ADDRB7" rev="5">
<attrib name="value" value="114"/></item>
<item name="ADDRB8" rev="5">
<attrib name="value" value="114"/></item>
<item name="ADDRB9" rev="5">
<attrib name="value" value="114"/></item>
<item name="CLKA" rev="5">
<attrib name="value" value="114"/></item>
<item name="CLKB" rev="5">
<attrib name="value" value="114"/></item>
<item name="DIA0" rev="5">
<attrib name="value" value="114"/></item>
<item name="DIA1" rev="5">
<attrib name="value" value="2"/></item>
<item name="DIA10" rev="5">
<attrib name="value" value="1"/></item>
<item name="DIA11" rev="5">
<attrib name="value" value="1"/></item>
<item name="DIA12" rev="5">
<attrib name="value" value="1"/></item>
<item name="DIA13" rev="5">
<attrib name="value" value="1"/></item>
<item name="DIA14" rev="5">
<attrib name="value" value="1"/></item>
<item name="DIA15" rev="5">
<attrib name="value" value="1"/></item>
<item name="DIA16" rev="5">
<attrib name="value" value="1"/></item>
<item name="DIA17" rev="5">
<attrib name="value" value="1"/></item>
<item name="DIA18" rev="5">
<attrib name="value" value="1"/></item>
<item name="DIA19" rev="5">
<attrib name="value" value="1"/></item>
<item name="DIA2" rev="5">
<attrib name="value" value="1"/></item>
<item name="DIA20" rev="5">
<attrib name="value" value="1"/></item>
<item name="DIA21" rev="5">
<attrib name="value" value="1"/></item>
<item name="DIA22" rev="5">
<attrib name="value" value="1"/></item>
<item name="DIA23" rev="5">
<attrib name="value" value="1"/></item>
<item name="DIA24" rev="5">
<attrib name="value" value="1"/></item>
<item name="DIA25" rev="5">
<attrib name="value" value="1"/></item>
<item name="DIA26" rev="5">
<attrib name="value" value="1"/></item>
<item name="DIA27" rev="5">
<attrib name="value" value="1"/></item>
<item name="DIA28" rev="5">
<attrib name="value" value="1"/></item>
<item name="DIA29" rev="5">
<attrib name="value" value="1"/></item>
<item name="DIA3" rev="5">
<attrib name="value" value="1"/></item>
<item name="DIA30" rev="5">
<attrib name="value" value="1"/></item>
<item name="DIA31" rev="5">
<attrib name="value" value="1"/></item>
<item name="DIA4" rev="5">
<attrib name="value" value="1"/></item>
<item name="DIA5" rev="5">
<attrib name="value" value="1"/></item>
<item name="DIA6" rev="5">
<attrib name="value" value="1"/></item>
<item name="DIA7" rev="5">
<attrib name="value" value="1"/></item>
<item name="DIA8" rev="5">
<attrib name="value" value="1"/></item>
<item name="DIA9" rev="5">
<attrib name="value" value="1"/></item>
<item name="DIPA0" rev="5">
<attrib name="value" value="1"/></item>
<item name="DIPA1" rev="5">
<attrib name="value" value="1"/></item>
<item name="DIPA2" rev="5">
<attrib name="value" value="1"/></item>
<item name="DIPA3" rev="5">
<attrib name="value" value="1"/></item>
<item name="DOB0" rev="5">
<attrib name="value" value="114"/></item>
<item name="DOB1" rev="5">
<attrib name="value" value="2"/></item>
<item name="DOB10" rev="5">
<attrib name="value" value="1"/></item>
<item name="DOB11" rev="5">
<attrib name="value" value="1"/></item>
<item name="DOB12" rev="5">
<attrib name="value" value="1"/></item>
<item name="DOB13" rev="5">
<attrib name="value" value="1"/></item>
<item name="DOB16" rev="5">
<attrib name="value" value="1"/></item>
<item name="DOB17" rev="5">
<attrib name="value" value="1"/></item>
<item name="DOB18" rev="5">
<attrib name="value" value="1"/></item>
<item name="DOB19" rev="5">
<attrib name="value" value="1"/></item>
<item name="DOB2" rev="5">
<attrib name="value" value="1"/></item>
<item name="DOB20" rev="5">
<attrib name="value" value="1"/></item>
<item name="DOB21" rev="5">
<attrib name="value" value="1"/></item>
<item name="DOB24" rev="5">
<attrib name="value" value="1"/></item>
<item name="DOB25" rev="5">
<attrib name="value" value="1"/></item>
<item name="DOB26" rev="5">
<attrib name="value" value="1"/></item>
<item name="DOB27" rev="5">
<attrib name="value" value="1"/></item>
<item name="DOB28" rev="5">
<attrib name="value" value="1"/></item>
<item name="DOB29" rev="5">
<attrib name="value" value="1"/></item>
<item name="DOB3" rev="5">
<attrib name="value" value="1"/></item>
<item name="DOB4" rev="5">
<attrib name="value" value="1"/></item>
<item name="DOB5" rev="5">
<attrib name="value" value="1"/></item>
<item name="DOB8" rev="5">
<attrib name="value" value="1"/></item>
<item name="DOB9" rev="5">
<attrib name="value" value="1"/></item>
<item name="ENA" rev="5">
<attrib name="value" value="114"/></item>
<item name="ENB" rev="5">
<attrib name="value" value="114"/></item>
<item name="SSRA" rev="5">
<attrib name="value" value="114"/></item>
<item name="SSRB" rev="5">
<attrib name="value" value="114"/></item>
<item name="WEA" rev="5">
<attrib name="value" value="114"/></item>
<item name="WEB" rev="5">
<attrib name="value" value="114"/></item>
</group>
<group name="RAMB16_RAMB16">
<item name="ADDRA" rev="5">
<attrib name="value" value="114"/></item>
<item name="ADDRB" rev="5">
<attrib name="value" value="114"/></item>
<item name="DIA" rev="5">
<attrib name="value" value="114"/></item>
<item name="DIB" rev="5">
<attrib name="value" value="114"/></item>
<item name="DOA" rev="5">
<attrib name="value" value="114"/></item>
<item name="DOB" rev="5">
<attrib name="value" value="114"/></item>
</group>
<group name="IOB_OUTBUF">
<item name="IN" rev="5">
<attrib name="value" value="29"/></item>
<item name="OUT" rev="5">
<attrib name="value" value="29"/></item>
</group>
<group name="BUFGMUX_GCLKMUX">
<item name="I0" rev="5">
<attrib name="value" value="2"/></item>
<item name="OUT" rev="5">
<attrib name="value" value="2"/></item>
<item name="S" rev="5">
<attrib name="value" value="2"/></item>
</group>
<group name="SLICE_FFX">
<item name="CE" rev="5">
<attrib name="value" value="20"/></item>
<item name="CK" rev="5">
<attrib name="value" value="76"/></item>
<item name="D" rev="5">
<attrib name="value" value="76"/></item>
<item name="Q" rev="5">
<attrib name="value" value="76"/></item>
<item name="SR" rev="5">
<attrib name="value" value="70"/></item>
</group>
<group name="SLICE_GNDF">
<item name="0" rev="5">
<attrib name="value" value="23"/></item>
</group>
<group name="SLICE_FFY">
<item name="CE" rev="5">
<attrib name="value" value="45"/></item>
<item name="CK" rev="5">
<attrib name="value" value="90"/></item>
<item name="D" rev="5">
<attrib name="value" value="90"/></item>
<item name="Q" rev="5">
<attrib name="value" value="90"/></item>
<item name="REV" rev="5">
<attrib name="value" value="2"/></item>
<item name="SR" rev="5">
<attrib name="value" value="85"/></item>
</group>
<group name="SLICE_GNDG">
<item name="0" rev="5">
<attrib name="value" value="22"/></item>
</group>
<group name="SLICE_C2VDD">
<item name="1" rev="5">
<attrib name="value" value="5"/></item>
</group>
<group name="SLICE_F5MUX">
<item name="F" rev="5">
<attrib name="value" value="42"/></item>
<item name="G" rev="5">
<attrib name="value" value="42"/></item>
<item name="OUT" rev="5">
<attrib name="value" value="42"/></item>
<item name="S0" rev="5">
<attrib name="value" value="42"/></item>
</group>
<group name="IOB_INBUF">
<item name="IN" rev="5">
<attrib name="value" value="2"/></item>
<item name="OUT" rev="5">
<attrib name="value" value="2"/></item>
</group>
<group name="SLICE">
<item name="BX" rev="5">
<attrib name="value" value="71"/></item>
<item name="BY" rev="5">
<attrib name="value" value="70"/></item>
<item name="CE" rev="5">
<attrib name="value" value="46"/></item>
<item name="CIN" rev="5">
<attrib name="value" value="26"/></item>
<item name="CLK" rev="5">
<attrib name="value" value="115"/></item>
<item name="COUT" rev="5">
<attrib name="value" value="26"/></item>
<item name="DX" rev="5">
<attrib name="value" value="51"/></item>
<item name="DY" rev="5">
<attrib name="value" value="43"/></item>
<item name="F1" rev="5">
<attrib name="value" value="206"/></item>
<item name="F2" rev="5">
<attrib name="value" value="180"/></item>
<item name="F3" rev="5">
<attrib name="value" value="172"/></item>
<item name="F4" rev="5">
<attrib name="value" value="88"/></item>
<item name="F5" rev="5">
<attrib name="value" value="24"/></item>
<item name="FX" rev="5">
<attrib name="value" value="18"/></item>
<item name="FXINA" rev="5">
<attrib name="value" value="21"/></item>
<item name="FXINB" rev="5">
<attrib name="value" value="21"/></item>
<item name="G1" rev="5">
<attrib name="value" value="204"/></item>
<item name="G2" rev="5">
<attrib name="value" value="176"/></item>
<item name="G3" rev="5">
<attrib name="value" value="160"/></item>
<item name="G4" rev="5">
<attrib name="value" value="78"/></item>
<item name="SR" rev="5">
<attrib name="value" value="106"/></item>
<item name="X" rev="5">
<attrib name="value" value="178"/></item>
<item name="XQ" rev="5">
<attrib name="value" value="76"/></item>
<item name="Y" rev="5">
<attrib name="value" value="161"/></item>
<item name="YB" rev="5">
<attrib name="value" value="2"/></item>
<item name="YQ" rev="5">
<attrib name="value" value="90"/></item>
</group>
<group name="RAMB16_RAMB16A">
<item name="ADDRA" rev="5">
<attrib name="value" value="114"/></item>
<item name="ADDRA0" rev="5">
<attrib name="value" value="112"/></item>
<item name="ADDRA1" rev="5">
<attrib name="value" value="113"/></item>
<item name="ADDRA10" rev="5">
<attrib name="value" value="114"/></item>
<item name="ADDRA11" rev="5">
<attrib name="value" value="114"/></item>
<item name="ADDRA12" rev="5">
<attrib name="value" value="114"/></item>
<item name="ADDRA13" rev="5">
<attrib name="value" value="114"/></item>
<item name="ADDRA2" rev="5">
<attrib name="value" value="113"/></item>
<item name="ADDRA3" rev="5">
<attrib name="value" value="113"/></item>
<item name="ADDRA4" rev="5">
<attrib name="value" value="113"/></item>
<item name="ADDRA5" rev="5">
<attrib name="value" value="114"/></item>
<item name="ADDRA6" rev="5">
<attrib name="value" value="114"/></item>
<item name="ADDRA7" rev="5">
<attrib name="value" value="114"/></item>
<item name="ADDRA8" rev="5">
<attrib name="value" value="114"/></item>
<item name="ADDRA9" rev="5">
<attrib name="value" value="114"/></item>
<item name="CLKA" rev="5">
<attrib name="value" value="114"/></item>
<item name="DIA" rev="5">
<attrib name="value" value="114"/></item>
<item name="DIA0" rev="5">
<attrib name="value" value="114"/></item>
<item name="DIA1" rev="5">
<attrib name="value" value="2"/></item>
<item name="DIA10" rev="5">
<attrib name="value" value="1"/></item>
<item name="DIA11" rev="5">
<attrib name="value" value="1"/></item>
<item name="DIA12" rev="5">
<attrib name="value" value="1"/></item>
<item name="DIA13" rev="5">
<attrib name="value" value="1"/></item>
<item name="DIA14" rev="5">
<attrib name="value" value="1"/></item>
<item name="DIA15" rev="5">
<attrib name="value" value="1"/></item>
<item name="DIA16" rev="5">
<attrib name="value" value="1"/></item>
<item name="DIA17" rev="5">
<attrib name="value" value="1"/></item>
<item name="DIA18" rev="5">
<attrib name="value" value="1"/></item>
<item name="DIA19" rev="5">
<attrib name="value" value="1"/></item>
<item name="DIA2" rev="5">
<attrib name="value" value="1"/></item>
<item name="DIA20" rev="5">
<attrib name="value" value="1"/></item>
<item name="DIA21" rev="5">
<attrib name="value" value="1"/></item>
<item name="DIA22" rev="5">
<attrib name="value" value="1"/></item>
<item name="DIA23" rev="5">
<attrib name="value" value="1"/></item>
<item name="DIA24" rev="5">
<attrib name="value" value="1"/></item>
<item name="DIA25" rev="5">
<attrib name="value" value="1"/></item>
<item name="DIA26" rev="5">
<attrib name="value" value="1"/></item>
<item name="DIA27" rev="5">
<attrib name="value" value="1"/></item>
<item name="DIA28" rev="5">
<attrib name="value" value="1"/></item>
<item name="DIA29" rev="5">
<attrib name="value" value="1"/></item>
<item name="DIA3" rev="5">
<attrib name="value" value="1"/></item>
<item name="DIA30" rev="5">
<attrib name="value" value="1"/></item>
<item name="DIA31" rev="5">
<attrib name="value" value="1"/></item>
<item name="DIA4" rev="5">
<attrib name="value" value="1"/></item>
<item name="DIA5" rev="5">
<attrib name="value" value="1"/></item>
<item name="DIA6" rev="5">
<attrib name="value" value="1"/></item>
<item name="DIA7" rev="5">
<attrib name="value" value="1"/></item>
<item name="DIA8" rev="5">
<attrib name="value" value="1"/></item>
<item name="DIA9" rev="5">
<attrib name="value" value="1"/></item>
<item name="DIPA0" rev="5">
<attrib name="value" value="1"/></item>
<item name="DIPA1" rev="5">
<attrib name="value" value="1"/></item>
<item name="DIPA2" rev="5">
<attrib name="value" value="1"/></item>
<item name="DIPA3" rev="5">
<attrib name="value" value="1"/></item>
<item name="DOA" rev="5">
<attrib name="value" value="114"/></item>
<item name="ENA" rev="5">
<attrib name="value" value="114"/></item>
<item name="SSRA" rev="5">
<attrib name="value" value="114"/></item>
<item name="WEA" rev="5">
<attrib name="value" value="114"/></item>
</group>
<group name="RAMB16_RAMB16B">
<item name="ADDRB" rev="5">
<attrib name="value" value="114"/></item>
<item name="ADDRB0" rev="5">
<attrib name="value" value="112"/></item>
<item name="ADDRB1" rev="5">
<attrib name="value" value="113"/></item>
<item name="ADDRB10" rev="5">
<attrib name="value" value="114"/></item>
<item name="ADDRB11" rev="5">
<attrib name="value" value="114"/></item>
<item name="ADDRB12" rev="5">
<attrib name="value" value="114"/></item>
<item name="ADDRB13" rev="5">
<attrib name="value" value="114"/></item>
<item name="ADDRB2" rev="5">
<attrib name="value" value="113"/></item>
<item name="ADDRB3" rev="5">
<attrib name="value" value="113"/></item>
<item name="ADDRB4" rev="5">
<attrib name="value" value="113"/></item>
<item name="ADDRB5" rev="5">
<attrib name="value" value="114"/></item>
<item name="ADDRB6" rev="5">
<attrib name="value" value="114"/></item>
<item name="ADDRB7" rev="5">
<attrib name="value" value="114"/></item>
<item name="ADDRB8" rev="5">
<attrib name="value" value="114"/></item>
<item name="ADDRB9" rev="5">
<attrib name="value" value="114"/></item>
<item name="CLKB" rev="5">
<attrib name="value" value="114"/></item>
<item name="DIB" rev="5">
<attrib name="value" value="114"/></item>
<item name="DOB" rev="5">
<attrib name="value" value="114"/></item>
<item name="DOB0" rev="5">
<attrib name="value" value="114"/></item>
<item name="DOB1" rev="5">
<attrib name="value" value="2"/></item>
<item name="DOB10" rev="5">
<attrib name="value" value="1"/></item>
<item name="DOB11" rev="5">
<attrib name="value" value="1"/></item>
<item name="DOB12" rev="5">
<attrib name="value" value="1"/></item>
<item name="DOB13" rev="5">
<attrib name="value" value="1"/></item>
<item name="DOB16" rev="5">
<attrib name="value" value="1"/></item>
<item name="DOB17" rev="5">
<attrib name="value" value="1"/></item>
<item name="DOB18" rev="5">
<attrib name="value" value="1"/></item>
<item name="DOB19" rev="5">
<attrib name="value" value="1"/></item>
<item name="DOB2" rev="5">
<attrib name="value" value="1"/></item>
<item name="DOB20" rev="5">
<attrib name="value" value="1"/></item>
<item name="DOB21" rev="5">
<attrib name="value" value="1"/></item>
<item name="DOB24" rev="5">
<attrib name="value" value="1"/></item>
<item name="DOB25" rev="5">
<attrib name="value" value="1"/></item>
<item name="DOB26" rev="5">
<attrib name="value" value="1"/></item>
<item name="DOB27" rev="5">
<attrib name="value" value="1"/></item>
<item name="DOB28" rev="5">
<attrib name="value" value="1"/></item>
<item name="DOB29" rev="5">
<attrib name="value" value="1"/></item>
<item name="DOB3" rev="5">
<attrib name="value" value="1"/></item>
<item name="DOB4" rev="5">
<attrib name="value" value="1"/></item>
<item name="DOB5" rev="5">
<attrib name="value" value="1"/></item>
<item name="DOB8" rev="5">
<attrib name="value" value="1"/></item>
<item name="DOB9" rev="5">
<attrib name="value" value="1"/></item>
<item name="ENB" rev="5">
<attrib name="value" value="114"/></item>
<item name="SSRB" rev="5">
<attrib name="value" value="114"/></item>
<item name="WEB" rev="5">
<attrib name="value" value="114"/></item>
</group>
<group name="SLICE_F">
<item name="A1" rev="5">
<attrib name="value" value="206"/></item>
<item name="A2" rev="5">
<attrib name="value" value="180"/></item>
<item name="A3" rev="5">
<attrib name="value" value="172"/></item>
<item name="A4" rev="5">
<attrib name="value" value="88"/></item>
<item name="D" rev="5">
<attrib name="value" value="207"/></item>
</group>
<group name="SLICE_G">
<item name="A1" rev="5">
<attrib name="value" value="204"/></item>
<item name="A2" rev="5">
<attrib name="value" value="176"/></item>
<item name="A3" rev="5">
<attrib name="value" value="160"/></item>
<item name="A4" rev="5">
<attrib name="value" value="78"/></item>
<item name="D" rev="5">
<attrib name="value" value="205"/></item>
</group>
<group name="SLICE_C1VDD">
<item name="1" rev="5">
<attrib name="value" value="4"/></item>
</group>
<group name="IOB_PAD">
<item name="PAD" rev="5">
<attrib name="value" value="31"/></item>
</group>
<group name="IOB">
<item name="I" rev="5">
<attrib name="value" value="2"/></item>
<item name="O1" rev="5">
<attrib name="value" value="29"/></item>
<item name="PAD" rev="5">
<attrib name="value" value="31"/></item>
</group>
<group name="DCM_DCM">
<item name="CLK0" rev="5">
<attrib name="value" value="1"/></item>
<item name="CLKFB" rev="5">
<attrib name="value" value="1"/></item>
<item name="CLKFX" rev="5">
<attrib name="value" value="1"/></item>
<item name="CLKIN" rev="5">
<attrib name="value" value="1"/></item>
<item name="DSSEN" rev="5">
<attrib name="value" value="1"/></item>
<item name="LOCKED" rev="5">
<attrib name="value" value="1"/></item>
<item name="PSCLK" rev="5">
<attrib name="value" value="1"/></item>
<item name="PSEN" rev="5">
<attrib name="value" value="1"/></item>
<item name="PSINCDEC" rev="5">
<attrib name="value" value="1"/></item>
<item name="RST" rev="5">
<attrib name="value" value="1"/></item>
</group>
<group name="BUFGMUX">
<item name="I0" rev="5">
<attrib name="value" value="2"/></item>
<item name="O" rev="5">
<attrib name="value" value="2"/></item>
<item name="S" rev="5">
<attrib name="value" value="2"/></item>
</group>
<group name="SLICE_XORF">
<item name="0" rev="5">
<attrib name="value" value="25"/></item>
<item name="1" rev="5">
<attrib name="value" value="25"/></item>
<item name="O" rev="5">
<attrib name="value" value="25"/></item>
</group>
<group name="SLICE_XORG">
<item name="0" rev="5">
<attrib name="value" value="24"/></item>
<item name="1" rev="5">
<attrib name="value" value="24"/></item>
<item name="O" rev="5">
<attrib name="value" value="24"/></item>
</group>
<group name="SLICE_CYMUXF">
<item name="0" rev="5">
<attrib name="value" value="29"/></item>
<item name="1" rev="5">
<attrib name="value" value="29"/></item>
<item name="OUT" rev="5">
<attrib name="value" value="29"/></item>
<item name="S0" rev="5">
<attrib name="value" value="29"/></item>
</group>
<group name="SLICE_CYMUXG">
<item name="0" rev="5">
<attrib name="value" value="28"/></item>
<item name="1" rev="5">
<attrib name="value" value="28"/></item>
<item name="OUT" rev="5">
<attrib name="value" value="28"/></item>
<item name="S0" rev="5">
<attrib name="value" value="28"/></item>
</group>
<group name="DCM">
<item name="CLK0" rev="5">
<attrib name="value" value="1"/></item>
<item name="CLKFB" rev="5">
<attrib name="value" value="1"/></item>
<item name="CLKFX" rev="5">
<attrib name="value" value="1"/></item>
<item name="CLKIN" rev="5">
<attrib name="value" value="1"/></item>
<item name="DSSEN" rev="5">
<attrib name="value" value="1"/></item>
<item name="LOCKED" rev="5">
<attrib name="value" value="1"/></item>
<item name="PSCLK" rev="5">
<attrib name="value" value="1"/></item>
<item name="PSEN" rev="5">
<attrib name="value" value="1"/></item>
<item name="PSINCDEC" rev="5">
<attrib name="value" value="1"/></item>
<item name="RST" rev="5">
<attrib name="value" value="1"/></item>
</group>
<group name="BUFGMUX_GCLK_BUFFER">
<item name="IN" rev="5">
<attrib name="value" value="2"/></item>
<item name="OUT" rev="5">
<attrib name="value" value="2"/></item>
</group>
</ReportPinData>
<CmdHistory>
</CmdHistory>
</DeviceUsageSummary>
